video_id,url,title,channel,len_s,len_fit,views,publish_date,series,scent_guess_from_title,exclude_reason,note,coder_scent_first10s,coder_ai_confirmed,keep
C4r_lZ73eu0,https://www.youtube.com/shorts/C4r_lZ73eu0,跟你爸过去吧,Websites Geo,25,符合 15–60,155,2026-10-03,,S,,簡體,,,
3j6yyKBRjyE,https://www.youtube.com/shorts/3j6yyKBRjyE,精彩短剧预告,Websites Geo,10,過短 <15,2417,2026-09-29,,?,預告片,,,,
Ui2N_golSDo,https://www.youtube.com/shorts/Ui2N_golSDo,林黛玉開懟婆婆！婆媳互懟名場面太過癮,《嘴上有風月》,33,符合 15–60,1754,2025-08-23,,S,,,,,
qoFj3y6j8DU,https://www.youtube.com/shorts/qoFj3y6j8DU,兒媳好一招空包釣魚呀，婆婆又上當了,Hailey Salazar,71,過長 >60（可考慮剪）,2633,2026-10-05,,?,,搞笑,,,
RrWSFyqOFBo,https://www.youtube.com/shorts/RrWSFyqOFBo,（只有 hashtag）,trinidad reyes,10,過短 <15,6139,2026-07-20,,?,,,,,
Os4DHEaEpaM,https://www.youtube.com/shorts/Os4DHEaEpaM,精彩短剧预告,Websites Geo,10,過短 <15,1073,2026-09-30,,?,預告片,,,,
yxTp19artSQ,https://www.youtube.com/shorts/yxTp19artSQ,這婆婆也太離譜了吧！親家母直接一巴掌教做人,Smokecat,12,過短 <15,30,2026-09-14,,S,,,,,
iXD8M3RLjR8,https://www.youtube.com/shorts/iXD8M3RLjR8,什麼時候都說結婚不一定幸福,小,10,過短 <15,263,2026-08-05,,?,,,,,
Y25OelA_lo8,https://www.youtube.com/shorts/Y25OelA_lo8,婆媳矛盾到底有多可怕？一場家庭衝突，揭開最扎心的真相,KIDSSSTORY,15,符合 15–60,21128,2026-09-17,,S,,,,,
emM7WHaxPaA,https://www.youtube.com/shorts/emM7WHaxPaA,（只有 hashtag）,Websites Geo,58,符合 15–60,531,2026-10-03,,S,,tag：AI怒砸爽感反轉,,,
hy-ODy7CFUQ,https://www.youtube.com/shorts/hy-ODy7CFUQ,我要上熱門,john robinsonstein,10,過短 <15,16485,2026-08-22,,?,,,,,
Ecc1aVGehbU,https://www.youtube.com/shorts/Ecc1aVGehbU,第一次見對方父母，提親～,依依姐的兩個娃,13,過短 <15,2224,2026-10-05,,W,,搞笑,,,
kkumhMgUGx8,https://www.youtube.com/shorts/kkumhMgUGx8,罵人這一塊婆婆是行家,yagdygdydagvfw,15,符合 15–60,42,2026-09-15,,S,,,,,
1cOGK8RlLzE,https://www.youtube.com/shorts/1cOGK8RlLzE,公公走後，我把婆婆接來養老；推開家門看到那一幕，我連夜做了決定,夏天情感故事,67,過長 >60（可考慮剪）,76277,2026-08-17,,S,,需確認是否為AI,,,
mKHqUY4JSec,https://www.youtube.com/shorts/mKHqUY4JSec,你媽呢？這人誰呀,小,10,過短 <15,23662,2026-08-05,,?,,,,,
HTLouLpmPD0,https://www.youtube.com/shorts/HTLouLpmPD0,她一算房價，他恨不得重新投胎,寶哥哥,10,過短 <15,82,2026-10-05,,?,,,,,
r20wFQ7i3MA,https://www.youtube.com/shorts/r20wFQ7i3MA,【EP09】小叔子開我婚前買的寶馬還讓我去加油…,AI漫遊者,64,過長 >60（可考慮剪）,48,2026-04-17,Y,S,系列,,,,
5zsnl54QuOE,https://www.youtube.com/shorts/5zsnl54QuOE,惡婆婆擅自發布隱私毀我前途，我假孕反擊送她入獄…,라이스 케이크 시어터,56,符合 15–60,751,2026-10-05,,S,,,,,
eWRStLh0-Wg,https://www.youtube.com/shorts/eWRStLh0-Wg,精彩短剧预告,Websites Geo,10,過短 <15,28309,2026-09-27,,?,預告片,,,,
DXTWhZnBaGI,https://www.youtube.com/shorts/DXTWhZnBaGI,他實名舉報準嶽父家亂收彩禮,Gabriela Reyes,166,過長 >60（可考慮剪）,1435,2026-10-05,,?,,,,,
45l9uogGSpw,https://www.youtube.com/shorts/45l9uogGSpw,（只有 hashtag）,trinidad reyes,10,過短 <15,44033,2026-07-29,,?,,,,,
zurMjllkcbU,https://www.youtube.com/shorts/zurMjllkcbU,車禍後我假裝失憶，婆婆偷偷把老公叫到外面…,夏天情感故事,85,過長 >60（可考慮剪）,75129,2026-08-11,,S,,需確認是否為AI,,,
VA64UFWwhCY,https://www.youtube.com/shorts/VA64UFWwhCY,哈哈白擔心了,小,15,符合 15–60,1590,2026-08-05,,W,,,,,
Zy1QTyuWHFo,https://www.youtube.com/shorts/Zy1QTyuWHFo,重生养女 × 拒绝顶罪｜当众揭穿 × 打脸全家,玻璃糖劇場,35,符合 15–60,968,2026-09-11,,S,,簡體,,,
imd0SK34jbE,https://www.youtube.com/shorts/imd0SK34jbE,伪造身份 × 豪门逆袭｜自证清白 × 打脸复仇,玻璃糖劇場,45,符合 15–60,512,2026-09-01,,S,,簡體,,,
f2GArPg1PS8,https://www.youtube.com/shorts/f2GArPg1PS8,【EP21】關係戶霸佔我3000萬方案…,AI漫遊者,72,過長 >60（可考慮剪）,911,2026-05-27,Y,S,系列,,,,
s32oDDuxs2g,https://www.youtube.com/shorts/s32oDDuxs2g,【P2】重生後打臉在宿舍燒紙錢的惡毒室友…,一刻钟AI剧,41,符合 15–60,17,2026-03-26,Y,S,系列,,,,
Wt8rS-jJFic,https://www.youtube.com/shorts/Wt8rS-jJFic,六旬老父再婚迎娶保姆，全族指責她圖謀巨產？…,AI 劇迷 Pro,60,符合 15–60,3335,2026-08-28,,S,,與 HVG-t1cJGXE 同一故事,,,
NYRqCnDLL_g,https://www.youtube.com/shorts/NYRqCnDLL_g,隱忍妻子 × 當眾反殺｜偽造授權 × 董事會打臉,玻璃糖劇場,29,符合 15–60,2870,2026-09-21,,S,,,,,
CR2P6CSQYHk,https://www.youtube.com/shorts/CR2P6CSQYHk,【EP26】關係戶霸佔我3000萬方案…,AI漫遊者,76,過長 >60（可考慮剪）,599,2026-05-27,Y,S,系列,,,,
D95rzhXefzI,https://www.youtube.com/shorts/D95rzhXefzI,女兒的冷笑話 #46,JohnnyLin AI Studio,10,過短 <15,17,2026-10-05,Y,W,系列,,,,
V3HDbk27E44,https://www.youtube.com/shorts/V3HDbk27E44,雙標來的就是這麼突然～,夢影劇場,15,符合 15–60,12623,2026-08-12,,?,,,,,
1XW5Um4yBcg,https://www.youtube.com/shorts/1XW5Um4yBcg,大小姐觉醒后，所有人都高攀不起 4,人生爽劇社,128,過長 >60（可考慮剪）,37022,2026-10-03,Y,S,系列,簡體,,,
-Yej1x5nYlQ,https://www.youtube.com/shorts/-Yej1x5nYlQ,AI演绎的烟火情缘,心動狙擊手,120,過長 >60（可考慮剪）,32521,2026-09-25,,W,,簡體,,,
1EELNRAhygY,https://www.youtube.com/shorts/1EELNRAhygY,〖45〗高跟鞋踩手背、末日體驗卡到期…,瘋狂AI劇 Crazy AI Stories,72,過長 >60（可考慮剪）,29,2026-06-29,Y,S,系列,,,,
H0E5HPqSDJI,https://www.youtube.com/shorts/H0E5HPqSDJI,偷刷我十萬會員卡請客裝闊？室友聯手男友造謠賣慘…,AI 劇迷 Pro,94,過長 >60（可考慮剪）,5377,2026-07-31,,S,,,,,
XFWdm8x9VEA,https://www.youtube.com/shorts/XFWdm8x9VEA,大小姐觉醒后，所有人都高攀不起 13,人生爽劇社,65,過長 >60（可考慮剪）,1654,2026-10-05,Y,S,系列,簡體,,,
VtgCEDBkwVk,https://www.youtube.com/shorts/VtgCEDBkwVk,別亂罵人,默示錄Ai世界,16,符合 15–60,17,2026-10-05,,?,,,,,
eF5GVQBRgUM,https://www.youtube.com/shorts/eF5GVQBRgUM,顶罪六年 × 出狱复仇｜总裁现身 × 当场打脸,玻璃糖劇場,25,符合 15–60,294,2026-09-02,,S,,簡體,,,
60Ujhq4VgA8,https://www.youtube.com/shorts/60Ujhq4VgA8,小姨忍辱嫁給亡姐丈夫，AI分身助她手撕陰謀…,爽劇全集社,54,符合 15–60,776,2026-06-21,,S,,,,,
HVG-t1cJGXE,https://www.youtube.com/shorts/HVG-t1cJGXE,六旬老父再婚迎娶保姆，全族指責她圖謀巨產？…,AI 劇迷 Pro,127,過長 >60（可考慮剪）,16478,2026-08-28,,S,,與 Wt8rS-jJFic 同一故事，二選一,,,
TlBhU0F8cqA,https://www.youtube.com/shorts/TlBhU0F8cqA,大小姐觉醒后，所有人都高攀不起 17,人生爽劇社,107,過長 >60（可考慮剪）,991,2026-10-05,Y,S,系列,簡體,,,
KTU_LfICvM4,https://www.youtube.com/shorts/KTU_LfICvM4,拿我的东西迟早都要全部换回来，复仇才刚刚开始,泡泡短劇,51,符合 15–60,912,2026-06-26,,S,,簡體,,,
U2EC8JGQJ-I,https://www.youtube.com/shorts/U2EC8JGQJ-I,《重生后我不再心软》妻子大出血前兩小時，我重生了！…,心動放映機,81,過長 >60（可考慮剪）,8405,2026-09-01,,S,,可能是長劇剪輯片段,,,
HgClzF1Ntrs,https://www.youtube.com/shorts/HgClzF1Ntrs,【EP01】花魁養出兩個白眼狼…,AI漫遊者,171,過長 >60（可考慮剪）,488,2026-04-14,Y,S,系列,,,,
oFu4h00J1io,https://www.youtube.com/shorts/oFu4h00J1io,沒有德行的婆婆才瞧不住兒媳婦！,trinidad reyes,12,過短 <15,16816,2026-08-04,,S,,,,,
Xefnb7DaG1Q,https://www.youtube.com/shorts/Xefnb7DaG1Q,【EP17】我任勞任怨照顧公婆八年…,AI漫遊者,57,符合 15–60,1356,2026-05-07,Y,S,系列,,,,
9NZKFM7X56M,https://www.youtube.com/shorts/9NZKFM7X56M,婆婆霸氣護兒子,yagdygdydagvfw,15,符合 15–60,3715,2026-09-23,,?,,,,,
5IRVEcxdg18,https://www.youtube.com/shorts/5IRVEcxdg18,【EP05】我任勞任怨照顧公婆八年…,AI漫遊者,56,符合 15–60,2353,2026-05-06,Y,S,系列,,,,
vZxb5n4svWo,https://www.youtube.com/shorts/vZxb5n4svWo,02-婆婆在婚禮前夕穿上我的白紗…,熱文精選屋,170,過長 >60（可考慮剪）,282054,2026-06-01,Y,S,系列,,,,
bvzUy6BuoxQ,https://www.youtube.com/shorts/bvzUy6BuoxQ,訂婚宴上婆婆當眾嫌我窮酸，我直接讓AI系統掃臉…,每天開心一點點,15,符合 15–60,895287,2026-08-07,,S,,,,,
7GcxexfpByc,https://www.youtube.com/shorts/7GcxexfpByc,遠嫁最大的底氣是遇見明事理的婆家,聰聰正能量劇組,177,過長 >60（可考慮剪）,2697,2026-08-16,,W,,,,,
iOHfB7EZsB4,https://www.youtube.com/shorts/iOHfB7EZsB4,婆婆當著全家人的面問我：「妳一個月賺多少？」…,Mica AI 小劇場,18,符合 15–60,1003,2026-08-19,,S,,,,,
M8ph8iuFkpU,https://www.youtube.com/shorts/M8ph8iuFkpU,母亲地位高，婆婆性格恶劣,驚華女王劇場,58,符合 15–60,1954,2026-10-03,,?,,簡體,,,
Bxom7_U5cX8,https://www.youtube.com/shorts/Bxom7_U5cX8,【EP09】我任勞任怨照顧公婆八年…,AI漫遊者,84,過長 >60（可考慮剪）,3885,2026-05-07,Y,S,系列,,,,
bD1qDJ-uf60,https://www.youtube.com/shorts/bD1qDJ-uf60,百鬼陰陽界EP6 要煙的鬼婆婆,AI老爹,33,符合 15–60,1555,2026-08-08,Y,?,系列,懸疑,,,
qsNOwLVyt_w,https://www.youtube.com/shorts/qsNOwLVyt_w,家庭矛盾：母亲与婆婆的恩怨,驚華女王劇場,58,符合 15–60,1551,2026-10-03,,?,,簡體,,,
liz8jYmVW40,https://www.youtube.com/shorts/liz8jYmVW40,【EP04】訂婚剛收8萬8彩禮，婆婆就帶小姑子告我詐騙？…,AI漫遊者,45,符合 15–60,899,2026-05-22,Y,S,系列,,,,
WXyLf5N7wX0,https://www.youtube.com/shorts/WXyLf5N7wX0,【第3集】「林家的大權，註定落到我肚子裡！」…,逆光劇場,44,符合 15–60,1450,2026-09-13,Y,S,系列,,,,
DNFgLoW6DjY,https://www.youtube.com/shorts/DNFgLoW6DjY,公公把所有錢給了大姑姐，生病了卻讓我來照顧,trinidad reyes,10,過短 <15,7483,2026-07-31,,?,,,,,
-mI6Bs94HUA,https://www.youtube.com/shorts/-mI6Bs94HUA,它的秘密是什么呢？,Liuqqqqq,14,過短 <15,770,2026-10-05,,?,,,,,
Pp0kf2n3lIE,https://www.youtube.com/shorts/Pp0kf2n3lIE,〖36〗家人們誰懂啊？公公拿兩個億叫我滾…,瘋狂AI劇 Crazy AI Stories,95,過長 >60（可考慮剪）,33,2026-06-12,Y,S,系列,,,,
pHMfT_ASGDw,https://www.youtube.com/shorts/pHMfT_ASGDw,【EP26】放棄千金身份嫁給他七年…,AI漫遊者,47,符合 15–60,933,2026-04-17,Y,S,系列,,,,
3leCz1cYtMs,https://www.youtube.com/shorts/3leCz1cYtMs,兒媳曬出公公照顧孫女的一天,老陳記實,20,符合 15–60,120011,2023-09-23,,W,非AI短劇（實拍紀錄）,,,,
bnY4mQujBTU,https://www.youtube.com/shorts/bnY4mQujBTU,母子對線，老爸無辜躺槍。,Heather Henderson,15,符合 15–60,1534,2026-10-04,,?,,,,,
5i8TfeSzH60,https://www.youtube.com/shorts/5i8TfeSzH60,這頓飯，AA制吧～,依依姐的兩個娃,11,過短 <15,6466,2026-10-02,,?,,,,,
8MsICQeEm6w,https://www.youtube.com/shorts/8MsICQeEm6w,藏紅妝｜第26集,璃煙,130,過長 >60（可考慮剪）,9367,2026-10-04,Y,?,系列,,,,
gQlkLJmypB4,https://www.youtube.com/shorts/gQlkLJmypB4,【EP14】放棄千金身份嫁給他七年…,AI漫遊者,49,符合 15–60,911,2026-04-17,Y,S,系列,,,,
8kuMTDWl6qM,https://www.youtube.com/shorts/8kuMTDWl6qM,小奶团萌化督军全家07,萌娃劇場,99,過長 >60（可考慮剪）,1380,2026-09-28,Y,W,系列,簡體,,,
vTupFsx3VmE,https://www.youtube.com/shorts/vTupFsx3VmE,皮帶一響，全自動起牀,Abigail Hernandez,15,符合 15–60,1320,2026-10-04,,?,,,,,
3qAV9Rj8wIc,https://www.youtube.com/shorts/3qAV9Rj8wIc,【最暖心AI】這15秒，送給全世界最棒的媽媽！,逐格(Frame By Frame),15,符合 15–60,15,2026-07-08,,W,,,,,
pwKCThjLtV8,https://www.youtube.com/shorts/pwKCThjLtV8,《除夕這一天，老爸其實早就在準備了》,松尾涼,10,過短 <15,2045,2026-02-15,,W,,,,,
GfM1kyW_xmM,https://www.youtube.com/shorts/GfM1kyW_xmM,小奶团萌化督军全家05,萌娃劇場,143,過長 >60（可考慮剪）,24465,2026-09-28,Y,W,系列,簡體,,,
qDLtrS6Utqk,https://www.youtube.com/shorts/qDLtrS6Utqk,（只有 hashtag：AI親子短劇）,nicolas ramos,15,符合 15–60,915,2026-10-04,,W,,,,,
-9_R6qVKd2o,https://www.youtube.com/shorts/-9_R6qVKd2o,便當裡的愛,生活慢一點,56,符合 15–60,31,2026-01-16,,W,,較接近 60 秒,,,
X0X9R9Dk2n0,https://www.youtube.com/shorts/X0X9R9Dk2n0,她以為男友很囉嗦，結果他全都記得｜戀愛求生中 EP10,今天不太對,15,符合 15–60,100,2026-06-24,Y,W,系列,,,,
IRoYx1Nnmyc,https://www.youtube.com/shorts/IRoYx1Nnmyc,薑還是老的辣：年輕人硬抬，老人一招搞定,Kayla Nguyen,26,符合 15–60,2737,2026-09-26,,W,,俗語故事,,,
w0UTnbaMjHc,https://www.youtube.com/shorts/w0UTnbaMjHc,奶奶嚇一跳,威猛的猛虎王,15,符合 15–60,9429,2026-06-15,,?,,,,,
BZ2QjbRnpTg,https://www.youtube.com/shorts/BZ2QjbRnpTg,《科爾尼老人祕密 – 重現短片》,Story Narae,58,符合 15–60,291,2025-08-26,,W,,較接近 60 秒,,,
BWuxzkKvUxc,https://www.youtube.com/shorts/BWuxzkKvUxc,【棉袄藏金赠孝女】全家嫌老人給孝女的破棉襖不值錢…,夜讀漫劇社,47,符合 15–60,991,2026-06-22,,?,,可能是動畫（漫劇）；與 P6T1XcSRt6U 同一故事,,,
NTnZKPogAXc,https://www.youtube.com/shorts/NTnZKPogAXc,導遊嫌老人小孩事多叫我們滾？…,星梦AI社,170,過長 >60（可考慮剪）,1016,2026-05-28,,S,,,,,
B3LOdFyIvg4,https://www.youtube.com/shorts/B3LOdFyIvg4,女兒的冷笑話 #45,JohnnyLin AI Studio,10,過短 <15,176,2026-10-03,Y,W,系列,,,,
G1gLv3SS2zk,https://www.youtube.com/shorts/G1gLv3SS2zk,AI短劇刷來刷去都是同一張臉（新聞）,封面新闻,30,符合 15–60,1596,2026-08-18,,?,新聞，非短劇,,,,
Fl8oWgLlI1Q,https://www.youtube.com/shorts/Fl8oWgLlI1Q,女子模仿AI機器人回村過年…,华夏人间百态,16,符合 15–60,2910821,2025-01-16,,?,非AI短劇（實拍）,,,,
OsbtkwZVNcw,https://www.youtube.com/shorts/OsbtkwZVNcw,关爱老人,奇闻动画,59,符合 15–60,10199,2026-07-18,,W,,可能是動畫；簡體,,,
4AN-1XSBFyo,https://www.youtube.com/shorts/4AN-1XSBFyo,老人與得來速的故事,Introversify,55,符合 15–60,835,2023-09-18,Y,W,系列,,,,
EbuEPJchvC4,https://www.youtube.com/shorts/EbuEPJchvC4,獨居老人每晚致電台點同一首歌，主持上門家訪後當場淚崩,JGLA 追劇啦,121,過長 >60（可考慮剪）,52,2026-09-22,,W,,需確認是否為AI,,,
P6T1XcSRt6U,https://www.youtube.com/shorts/P6T1XcSRt6U,【棉袄藏金赠孝女】全家嫌老人給孝女的破棉襖不值錢…,夜讀漫劇社,56,符合 15–60,1200,2026-06-21,,?,,與 BWuxzkKvUxc 同一故事,,,
dSWm24sAYog,https://www.youtube.com/shorts/dSWm24sAYog,农村女孩入职当天，随手救下的老人竟是老板的父亲！第一集,黑桃剧场Drama,64,過長 >60（可考慮剪）,8333,2026-09-22,Y,S,系列,簡體；可能是真人短劇,,,
E9pGqpJaD0I,https://www.youtube.com/shorts/E9pGqpJaD0I,落難見真情，遇事識人心,元氣劇場,179,過長 >60（可考慮剪）,138538,2026-08-12,,?,,,,,
novnd44hDa0,https://www.youtube.com/shorts/novnd44hDa0,我一管孩子，婆婆就在旁邊護著,max langside,24,符合 15–60,38298,2026-09-18,,W,,,,,
Rz7XWi0ZcTE,https://www.youtube.com/shorts/Rz7XWi0ZcTE,兒媳婦懷孕啦,Palmerin Mckissack,15,符合 15–60,42274,2026-09-17,,?,,,,,
sSRUh0__ALc,https://www.youtube.com/shorts/sSRUh0__ALc,年輕好媳婦,默示錄Ai世界,51,符合 15–60,2356,2026-09-28,,?,,,,,
nMHHebF2100,https://www.youtube.com/shorts/nMHHebF2100,當初囂張逼兒媳退婚搶工資，如今被開除下跪求原諒，晚了！,愛看愛聊愛說話,12,過短 <15,1742,2026-06-10,,S,,,,,
p8KjpdfH1CM,https://www.youtube.com/shorts/p8KjpdfH1CM,劇情太誇張？AI 模擬儿媳爭產衝突現場,循环三十秒,15,符合 15–60,23554,2026-08-26,,S,,,,,
ali67DPdgyo,https://www.youtube.com/shorts/ali67DPdgyo,（只有 hashtag：AI生成萌娃搞笑）,有趣一家人FunFamily,18,符合 15–60,9704,2026-10-03,,W,,,,,
0_ev5cruWfI,https://www.youtube.com/shorts/0_ev5cruWfI,【黑色幽默短劇】媽媽是怎麼看出誰是未來兒媳婦的？,山柏玩AI,17,符合 15–60,338,2026-01-16,,?,,,,,
7qo9J6olsL0,https://www.youtube.com/shorts/7qo9J6olsL0,（只有 hashtag：家常飯菜）,trinidad reyes,10,過短 <15,1850,2026-07-20,,W,,,,,
tmNu7qCcRJU,https://www.youtube.com/shorts/tmNu7qCcRJU,她頂回去了，她不是任人擺布的媳婦,《嘴上有風月》,36,符合 15–60,800,2025-06-09,,S,,,,,
cJ64x9g__Zw,https://www.youtube.com/shorts/cJ64x9g__Zw,丈夫站在哪一邊，往往決定了一個家的氣氛,Smokecat,15,符合 15–60,3,2026-09-16,,?,,,,,
ys2hTiwxPuA,https://www.youtube.com/shorts/ys2hTiwxPuA,護士在病房大讚「你兒子真孝順」，老翁冷冷吐出這句話…,段杯杯 AI腦洞搞笑短片,12,過短 <15,9117,2026-05-25,,?,,,,,
I3AWwi__CqQ,https://www.youtube.com/shorts/I3AWwi__CqQ,被兒媳婦當眾羞辱趕出門，雨夜她掏出一個舊布包…,JGLA 追劇啦,124,過長 >60（可考慮剪）,1129,2026-08-26,,S,,需確認是否為AI,,,
VMkJMZJGZJA,https://www.youtube.com/shorts/VMkJMZJGZJA,兒媳毒死我兒，駙馬把我釘棺材！…重生歸來,AI 劇迷 Pro,72,過長 >60（可考慮剪）,74,2026-04-09,,S,,古裝,,,
DL5ty5fNL7M,https://www.youtube.com/shorts/DL5ty5fNL7M,媳婦不小心把包丟了，竟然被我的孩子撿到了,TT短剧一览,179,過長 >60（可考慮剪）,5464,2026-10-03,,?,,需確認是否為AI,,,
5FOobiHNMe4,https://www.youtube.com/shorts/5FOobiHNMe4,「不嫁，我接你回家～」,夢影劇場,28,符合 15–60,68635,2026-08-14,,W,,,,,
C52Rv6aPAF0,https://www.youtube.com/shorts/C52Rv6aPAF0,AI末世短劇《失序》EP01,薇觀賽場,20,符合 15–60,9458,2026-09-29,Y,S,系列,,,,
69RIZgpsXqU,https://www.youtube.com/shorts/69RIZgpsXqU,媽媽說她沒生氣，爸爸可以準備搬家了,TalkVideo 台灣,32,符合 15–60,1700,2026-10-04,,W,,需確認是否為AI；台灣用語,,,
CGU-f7F9PB0,https://www.youtube.com/shorts/CGU-f7F9PB0,如何發現自己是Ai的？,WU-PRO,10,過短 <15,133171,2025-10-16,,?,非短劇,,,,
ggYgx-MNpZs,https://www.youtube.com/shorts/ggYgx-MNpZs,看完這部AI短劇，後勁強大到令人深思,乐娱酱汁,142,過長 >60（可考慮剪）,19288,2026-06-22,,?,,,,,
udyTZWyxtfw,https://www.youtube.com/shorts/udyTZWyxtfw,他看到兄長的新娘後笑了！,云漫短剧,107,過長 >60（可考慮剪）,263786,2026-09-20,,?,,,,,
p8-6TsnKKkc,https://www.youtube.com/shorts/p8-6TsnKKkc,错认霸总当哥哥，职场小透明飒疯了,小魚愛看劇,25,符合 15–60,2530,2026-10-04,,?,,需確認是否為AI；簡體,,,
zp_3n4JGDUw,https://www.youtube.com/shorts/zp_3n4JGDUw,（只有 hashtag：AI豪門反轉短劇）,Palmerin Mckissack,30,符合 15–60,13848,2026-09-17,,S,,,,,
