video_id,url,desc,author,len_s,len_fit,plays,tiktok_ai_label,scent_guess_from_title,exclude_reason,note,coder_scent_first10s,coder_ai_confirmed,keep
7677553464477584661,https://www.tiktok.com/@lilliandan8/video/7677553464477584661,你是我媽，但我媳婦不是你的出氣筒！,lilliandan8,15,符合 15–60,296,0,S,,繁中；家庭倫理,,,
7686494238938320148,https://www.tiktok.com/@snowyxue520/video/7686494238938320148,义父中毒后是这样的吗！,snowyxue520,15,符合 15–60,700,0,?,非家庭題材（古裝言情）,簡體,,,
7668890367982406920,https://www.tiktok.com/@kelly.theilend_korea8/video/7668890367982406920,ai短劇顧景琛蘇沐研,kelly.theilend_korea8,15,符合 15–60,5266,0,?,搬運他人作品,,,,
7612122045081554193,https://www.tiktok.com/@lanxinx/video/7612122045081554193,《林莲，不是你的，你永远得不到》,lanxinx,15,符合 15–60,38800,1,S,,簡體；古裝,,,
7673828651099802900,https://www.tiktok.com/@mikekeong8888/video/7673828651099802900,AI创意搞笑短片｜买杯奶茶吗？,mikekeong8888,15,符合 15–60,850,0,W,,簡體；生活搞笑,,,
7682192322288782613,https://www.tiktok.com/@lilliandan8/video/7682192322288782613,少年挺身護母 小姑子刁難嫂子,lilliandan8,15,符合 15–60,962,0,S,,繁中；家庭倫理,,,
7689362932538576148,https://www.tiktok.com/@marcuslee0721/video/7689362932538576148,老一輩眼裡的擡得起頭！,marcuslee0721,16,符合 15–60,14100,0,W,,繁中；家庭日常搞笑,,,
7469977334947548446,https://www.tiktok.com/@nanjiabin.cn/video/7469977334947548446,当爷爷奶奶对AI视频深信不疑,nanjiabin.cn,16,符合 15–60,62900,0,?,,簡體；需確認是否為劇情,,,
7611907154492116246,https://www.tiktok.com/@gurantongxue/video/7611907154492116246,跟我吵架还欺负我？让你吃个够！,gurantongxue,17,符合 15–60,983,1,?,,簡體；情侶,,,
7679434277083221269,https://www.tiktok.com/@owo20120921/video/7679434277083221269,#冰冷重遇 #苏沐妍 #顾景琛,owo20120921,18,符合 15–60,1852,0,?,搬運他人作品,,,,
7691292602590596358,https://www.tiktok.com/@ai291377/video/7691292602590596358,一天天的尽说废话,ai291377,20,符合 15–60,26500,0,?,,簡體；搞笑反轉,,,
7681128951120432391,https://www.tiktok.com/@swishoblivionx/video/7681128951120432391,爷爷奶奶感情真好_街头采访老俩口,swishoblivionx,22,符合 15–60,477,0,W,,簡體；街訪形式，需確認是否算短劇,,,
7676275624675265805,https://www.tiktok.com/@mml59128/video/7676275624675265805,#ai短剧 #长生录 #一次性看完,mml59128,25,符合 15–60,478,0,?,疑似系列剪輯,,,,
7678597815446146325,https://www.tiktok.com/@youqukanshijie/video/7678597815446146325,我一眼就看出来厨房少了把菜刀,youqukanshijie,25,符合 15–60,5643,0,?,,簡體；夫妻日常搞笑,,,
7692978983817825556,https://www.tiktok.com/@franklin_linchihpeng_2/video/7692978983817825556,#热门推荐#开心短剧 #AI影片,franklin_linchihpeng_2,25,符合 15–60,181,0,?,,,,,
7677226251852975381,https://www.tiktok.com/@kenttoboytan/video/7677226251852975381,The Hardcore Cub's Quest to Find Its Dad 13,kenttoboytan,26,符合 15–60,513,1,?,系列；動物主角,,,,
7650363152193899789,https://www.tiktok.com/@syj601723433/video/7650363152193899789,新概念英语第一册 Lesson9 剧情版,syj601723433,27,符合 15–60,2424,0,?,教學影片（utilitarian）,,,,
7667485076376145159,https://www.tiktok.com/@lebermanmo7189tc/video/7667485076376145159,（無描述）,lebermanmo7189tc,28,符合 15–60,1976,0,?,,同帳號多支，需看內容,,,
7680456164982738196,https://www.tiktok.com/@ai880309/video/7680456164982738196,給我查，是哪朵雲下雨淋的她？,ai880309,30,符合 15–60,1331,0,?,,繁中；霸總搞笑,,,
7682069727694605589,https://www.tiktok.com/@jean131419/video/7682069727694605589,#萌娃驚人語錄 #萌娃搞笑日常,jean131419,33,符合 15–60,66700,0,W,,繁中；萌娃,,,
7666786643910692114,https://www.tiktok.com/@lebermanmo7189tc/video/7666786643910692114,（無描述）,lebermanmo7189tc,35,符合 15–60,624,0,?,,同帳號多支，需看內容,,,
7568290015227284757,https://www.tiktok.com/@abcd_35687/video/7568290015227284757,婆媳關係 #婚姻 #家庭 #夫妻,abcd_35687,37,符合 15–60,9014,0,?,,繁中；需確認是否為AI,,,
7691101883590544660,https://www.tiktok.com/@jean131419/video/7691101883590544660,#萌娃搞笑日常 #萌娃驚人語錄,jean131419,40,符合 15–60,194400,0,W,,繁中；萌娃,,,
7662207580520959252,https://www.tiktok.com/@vq3bg0/video/7662207580520959252,（無描述）,vq3bg0,42,符合 15–60,103400,0,?,,,,,
7691668084658031873,https://www.tiktok.com/@andy76243/video/7691668084658031873,老师姐姐？我以后怎么见人啊,andy76243,42,符合 15–60,26900,0,W,,簡體；萌娃,,,
7676448332868259092,https://www.tiktok.com/@kenttoboytan/video/7676448332868259092,The Hardcore Cub's Quest to Find Its Dad 01,kenttoboytan,43,符合 15–60,3419,1,?,系列；動物主角,,,,
7667485115991231762,https://www.tiktok.com/@lebermanmo7189tc/video/7667485115991231762,（無描述）,lebermanmo7189tc,44,符合 15–60,1942,0,?,,同帳號多支，需看內容,,,
7667027768424680711,https://www.tiktok.com/@lebermanmo7189tc/video/7667027768424680711,（無描述）,lebermanmo7189tc,45,符合 15–60,6022,0,?,,同帳號多支，需看內容,,,
7667767725384600839,https://www.tiktok.com/@lebermanmo7189tc/video/7667767725384600839,（無描述）,lebermanmo7189tc,45,符合 15–60,4143,0,?,,同帳號多支，需看內容,,,
7639163881708899604,https://www.tiktok.com/@osakainvest.jp/video/7639163881708899604,我的怀孕竟破了顾家的局,osakainvest.jp,45,符合 15–60,145400,1,S,,簡體；豪門,,,
7675898061360581896,https://www.tiktok.com/@aigaoxiaoduanju/video/7675898061360581896,死循环，怎样破局？？,aigaoxiaoduanju,46,符合 15–60,3212,0,?,,簡體；搞笑,,,
7691308045187599636,https://www.tiktok.com/@marcuslee0721/video/7691308045187599636,老一輩心疼的東西 belike,marcuslee0721,47,符合 15–60,105000,0,W,,繁中；家庭日常搞笑,,,
7679386909310848257,https://www.tiktok.com/@huageyingshi/video/7679386909310848257,#短剧推荐 #短剧 #ai短剧,huageyingshi,47,符合 15–60,116,0,?,,,,,
7660768994265173256,https://www.tiktok.com/@aishortfilm.cn/video/7660768994265173256,等到爷爷回来，我再也不想吃汉堡包了,aishortfilm.cn,48,符合 15–60,50500,0,W,,簡體；祖孫,,,
7661468116521717005,https://www.tiktok.com/@bujinzetui666/video/7661468116521717005,#短剧 #短剧解说 #AI短剧,bujinzetui666,48,符合 15–60,84600,0,?,短劇解說（有旁白）,,,,
7690141927638961416,https://www.tiktok.com/@zgcm6lphb4/video/7690141927638961416,金豹終於重獲幸福,zgcm6lphb4,49,符合 15–60,232600,1,?,動物擬人,,,,
7683019387606961416,https://www.tiktok.com/@kiansuo84/video/7683019387606961416,（無描述）,kiansuo84,52,符合 15–60,952,0,?,,,,,
7651062038021573896,https://www.tiktok.com/@myguoshijiyi/video/7651062038021573896,"我爱上了一个香香软软的小蛋糕,但她哥是我的死对头",myguoshijiyi,53,符合 15–60,16500,0,?,非家庭題材（古風言情）,,,,
7638614811445677333,https://www.tiktok.com/@serickchen/video/7638614811445677333,重生后，害我的人全跪了,serickchen,55,符合 15–60,415,0,S,,簡體；重生復仇,,,
7689647735456238868,https://www.tiktok.com/@marcuslee0721/video/7689647735456238868,一家人計較這些幹什麼！,marcuslee0721,56,符合 15–60,19000,0,W,,繁中；家庭日常；與另 2 支同帳號,,,
7692443753553890578,https://www.tiktok.com/@myguoshijiyi/video/7692443753553890578,"小舅舅平时哭得妆都花了,谁都以为他不能扛事",myguoshijiyi,59,符合 15–60,85300,0,S,,簡體；反差,,,
7604456823034350868,https://www.tiktok.com/@an7788w/video/7604456823034350868,真人Ai短剧《替身竟是我自己》完结版,an7788w,62,過長 >60（可考慮剪）,2842,1,S,,超過 60 秒，可剪,,,
7633625447540034824,https://www.tiktok.com/@user55816276362064/video/7633625447540034824,（無描述）,user55816276362064,71,過長 >60（可考慮剪）,368500,0,?,,超過 60 秒,,,
7686006207584210194,https://www.tiktok.com/@norrishun7/video/7686006207584210194,（無描述）,norrishun7,73,過長 >60（可考慮剪）,689,0,?,,超過 60 秒,,,
7669777736449346823,https://www.tiktok.com/@jackchangsavestheday/video/7669777736449346823,長輩狂追 AI 短劇停不下來，背後隱藏的科技真相,jackchangsavestheday,75,過長 >60（可考慮剪）,625,0,?,談論 AI 短劇的評論影片，非短劇,研究背景可參考,,,
7681987968629755143,https://www.tiktok.com/@mona.karen.mimi/video/7681987968629755143,#可仁阿姨 #AI 短剧,mona.karen.mimi,78,過長 >60（可考慮剪）,144,1,?,,超過 60 秒,,,
7690493457676225813,https://www.tiktok.com/@teslamarryme/video/7690493457676225813,怎麼解釋手機看短劇，不能找遠傳,teslamarryme,83,過長 >60（可考慮剪）,2989,0,?,疑似電信業配,,,,
7685545180933426462,https://www.tiktok.com/@leilajennifer1985/video/7685545180933426462,（無描述）,leilajennifer1985,85,過長 >60（可考慮剪）,867,0,?,,超過 60 秒,,,
7691628235272031509,https://www.tiktok.com/@ymca477/video/7691628235272031509,原來這個方法比較快 #洗車 #求雨,ymca477,102,過長 >60（可考慮剪）,637,0,?,,超過 60 秒；標「短劇系列」,,,
7669783535586118930,https://www.tiktok.com/@jaypang82/video/7669783535586118930,小小的小橘读懂了爸爸藏在汗水里的爱！,jaypang82,113,過長 >60（可考慮剪）,4128,0,W,,可剪；可能是動物主角,,,
7674985619860327701,https://www.tiktok.com/@tk_dong7/video/7674985619860327701,妈妈抽屉里的帅哥，怎么越看越眼熟?,tk_dong7,131,過長 >60（可考慮剪）,1687,1,W,,可剪；親情,,,
7678637972266306834,https://www.tiktok.com/@louisamao3929/video/7678637972266306834,微糖放手,louisamao3929,140,過長 >60（可考慮剪）,1342,1,?,小說推文,,,,
7688240078472203521,https://www.tiktok.com/@992zzz/video/7688240078472203521,败家媳妇40W买包也不救重病公公！,992zzz,145,過長 >60（可考慮剪）,805,0,S,,可剪；婆媳,,,
7682279486691249425,https://www.tiktok.com/@damonma4461/video/7682279486691249425,#民间故事 #推荐 #热门 #智慧 #正能量,damonma4461,150,過長 >60（可考慮剪）,2518,0,W,,可剪；民間故事,,,
7682364230300945685,https://www.tiktok.com/@user53045842423068/video/7682364230300945685,AI教育短片,user53045842423068,150,過長 >60（可考慮剪）,311,0,?,教育影片（utilitarian）,,,,
7674483420201864466,https://www.tiktok.com/@pggzdjjem3/video/7674483420201864466,#ai创作浪潮计划#家庭,pggzdjjem3,160,過長 >60（可考慮剪）,8876,0,?,,可剪,,,
7633378863090912533,https://www.tiktok.com/@sketchsovereign34362/video/7633378863090912533,他拿起吉他 从此余生无你,sketchsovereign34362,160,過長 >60（可考慮剪）,83200,1,?,,可剪；言情,,,
7681605246962896146,https://www.tiktok.com/@xixi7726/video/7681605246962896146,一碗炒面见人心,xixi7726,160,過長 >60（可考慮剪）,2005,0,W,,可剪；正能量,,,
7625226951233375520,https://www.tiktok.com/@user28699356163734/video/7625226951233375520,#好剧推荐,user28699356163734,161,過長 >60（可考慮剪）,41800,0,?,,可剪,,,
7683327059502075159,https://www.tiktok.com/@tylekaun83284767/video/7683327059502075159,百善孝為先,tylekaun83284767,163,過長 >60（可考慮剪）,263,0,W,,可剪；孝道,,,
7676773360964996372,https://www.tiktok.com/@hahadwes/video/7676773360964996372,财神奶奶驾到~通通闪开！奇葩的儿女，破碎的妈。,hahadwes,166,過長 >60（可考慮剪）,384100,0,S,,可剪；親子衝突,,,
7692751124998163764,https://www.tiktok.com/@enjyvopon65nim/video/7692751124998163764,#短劇 #流量 #推薦 #好劇推薦,enjyvopon65nim,168,過長 >60（可考慮剪）,61200,0,?,,可剪,,,
7690909012472204565,https://www.tiktok.com/@user285180051/video/7690909012472204565,當你們的宿舍有十萬人,user285180051,174,過長 >60（可考慮剪）,694,1,?,非家庭題材,,,,
7680411914874178832,https://www.tiktok.com/@user3018025506115/video/7680411914874178832,真心換真心,user3018025506115,179,過長 >60（可考慮剪）,142,0,W,,可剪；正能量,,,
7693096476913814805,https://www.tiktok.com/@ninidailylifeandpet/video/7693096476913814805,#AI #shortdrama #短劇,ninidailylifeandpet,180,過長 >60（可考慮剪）,205,0,?,,可剪,,,
