priority,video_id,url,desc,author,author_n_in_list,len_s,plays,tiktok_ai_label,query,flag,clip_start_s,clip_end_s,clip_len_s,series_title,coder_scent_first10s,coder_ai_confirmed,keep
1,7654516534429093140,https://www.tiktok.com/@zhangxc6565/video/7654516534429093140,吃飯新天地,zhangxc6565,1,195,177600,0,公公,,,,,,,,
1,7662971570016521490,https://www.tiktok.com/@opdlj/video/7662971570016521490,「你支持女主救人吗?」,opdlj,1,197,19800,0,AI微短劇,,,,,,,,
1,7676386612665683220,https://www.tiktok.com/@sweetmooddiary/video/7676386612665683220,拿敷衍当台阶谁惯你白月光毛病,sweetmooddiary,2,203,8056,0,溫馨,,,,,,,,
1,7676308793608736007,https://www.tiktok.com/@trendora666/video/7676308793608736007,曾经人人嫌弃的糟老头摇身一变成为全村敬仰的致富带头人,trendora666,1,206,1203,0,老人,,,,,,,,
1,7677179764314361108,https://www.tiktok.com/@cheah0721/video/7677179764314361108,我自爆复活，惊爆全校,cheah0721,1,236,576,0,復仇,,,,,,,,
1,7691988815451327751,https://www.tiktok.com/@vince41435/video/7691988815451327751,「我有35个爸爸」,vince41435,2,251,28000,1,親情,,,,,,,,
1,7686739131019332885,https://www.tiktok.com/@hahadwes/video/7686739131019332885,「财神奶奶」闺蜜遗孤培养计划启动,hahadwes,2,258,4767,1,爺爺奶奶,,,,,,,,
1,7684970277855317256,https://www.tiktok.com/@zhengyongsheng0/video/7684970277855317256,愛是雙向奔赴。,zhengyongsheng0,1,258,41400,0,暖心,,,,,,,,
1,7690446299446955271,https://www.tiktok.com/@vince41435/video/7690446299446955271,来自哥哥的另一种爱 十二岁的哥哥身患重病,vince41435,2,259,56300,1,親情,,,,,,,,
1,7690813356072291604,https://www.tiktok.com/@user1597783955431/video/7690813356072291604,,user1597783955431,8,261,4323,1,暖心,,,,,,,,
1,7692536174312705298,https://www.tiktok.com/@plotsignalx/video/7692536174312705298,他缓缓开口一字一句，竟把敌国底牌掀了个干净,plotsignalx,1,268,437,0,孝順,,,,,,,,
1,7640715546832489749,https://www.tiktok.com/@tmngvn827/video/7640715546832489749,公公对我可真好啊,tmngvn827,1,286,2800000,0,公公,,,,,,,,
1,7684803363774450952,https://www.tiktok.com/@alanliu7890321/video/7684803363774450952,最近的AI很愛收割眼淚,alanliu7890321,1,302,129400,1,親情,,,,,,,,
1,7692794290287791380,https://www.tiktok.com/@amy.chian4/video/7692794290287791380,,amy.chian4,1,309,750,1,AI微短劇,,,,,,,,
1,7688314544560557332,https://www.tiktok.com/@hahadwes/video/7688314544560557332,「财神奶奶」闺蜜遗孤培养计划：继承遗产,hahadwes,2,320,3838,1,爺爺奶奶,,,,,,,,
1,7687665421885132052,https://www.tiktok.com/@user454746799366/video/7687665421885132052,,user454746799366,2,329,10900,1,親情,,,,,,,,
1,7672754454159985927,https://www.tiktok.com/@hoopignitor99/video/7672754454159985927,婆媳同心,hoopignitor99,2,331,6480,0,婆媳,,,,,,,,
1,7672753088251366674,https://www.tiktok.com/@swishoblivionx/video/7672753088251366674,家有良婆,swishoblivionx,1,336,8692,0,婆媳,,,,,,,,
1,7693094018091355413,https://www.tiktok.com/@user1597783955431/video/7693094018091355413,,user1597783955431,8,349,5130,1,親情,,,,,,,,
1,7678919701593885960,https://www.tiktok.com/@user2704655056278/video/7678919701593885960,,user2704655056278,1,352,1173,1,孝順,,,,,,,,
1,7692796378409487636,https://www.tiktok.com/@user1597783955431/video/7692796378409487636,,user1597783955431,8,371,439,1,暖心,,,,,,,,
1,7677883666181131540,https://www.tiktok.com/@sweetmooddiary/video/7677883666181131540,60岁老农现金全款买车凭种田逆袭打脸,sweetmooddiary,2,389,933,0,老人,,,,,,,,
1,7692619587644411137,https://www.tiktok.com/@user1597783955431/video/7692619587644411137,,user1597783955431,8,417,42000,1,日常,,,,,,,,
1,7692848144580758791,https://www.tiktok.com/@user1232677435481/video/7692848144580758791,,user1232677435481,1,429,1339,1,暖心,,,,,,,,
1,7692828287407525141,https://www.tiktok.com/@dinhmai11111/video/7692828287407525141,,dinhmai11111,1,436,2283,1,暖心,,,,,,,,
1,7689598742659419410,https://www.tiktok.com/@tuan.anh.anh.tun/video/7689598742659419410,,tuan.anh.anh.tun,1,436,7982,1,暖心,,,,,,,,
1,7689469003256892692,https://www.tiktok.com/@mylv3wfmb3/video/7689469003256892692,订婚宴上被赶出来的董事长 21-1-1,mylv3wfmb3,1,437,75800,0,公公,,,,,,,,
1,7685736680900267282,https://www.tiktok.com/@myeasylifeez/video/7685736680900267282,五百年守乡,myeasylifeez,1,437,36800,0,老人,,,,,,,,
1,7692407197883567366,https://www.tiktok.com/@tristanzai1598/video/7692407197883567366,公公半夜给枯井送饭,tristanzai1598,2,445,154,0,公公,,,,,,,,
1,7691524243258887445,https://www.tiktok.com/@user1597783955431/video/7691524243258887445,,user1597783955431,8,460,8092,1,孝順,,,,,,,,
1,7686142243266137365,https://www.tiktok.com/@merlepaul82/video/7686142243266137365,低血糖老者,merlepaul82,2,461,102300,0,老人,,,,,,,,
1,7682699128333274389,https://www.tiktok.com/@user1597783955431/video/7682699128333274389,《當媽媽開始較真的時候》,user1597783955431,8,491,51200,1,親情,,,,,,,,
1,7688180854161493268,https://www.tiktok.com/@user454746799366/video/7688180854161493268,,user454746799366,2,495,2568,1,孝順,,,,,,,,
1,7690020457591901461,https://www.tiktok.com/@ta12341ta/video/7690020457591901461,,ta12341ta,1,517,199,1,爺爺奶奶,,,,,,,,
1,7692109378630978837,https://www.tiktok.com/@lee666444/video/7692109378630978837,AI短剧,lee666444,2,528,3464,0,暖心,,,,,,,,
1,7692233270825602324,https://www.tiktok.com/@jeanniewong3/video/7692233270825602324,,jeanniewong3,2,550,4842,1,爺爺奶奶,,,,,,,,
1,7692233845357169921,https://www.tiktok.com/@jeanniewong3/video/7692233845357169921,,jeanniewong3,2,550,7668,1,爺爺奶奶,,,,,,,,
1,7688578412595662100,https://www.tiktok.com/@user1597783955431/video/7688578412595662100,,user1597783955431,8,599,7524,1,暖心,,,,,,,,
1,7692426468911090945,https://www.tiktok.com/@user1597783955431/video/7692426468911090945,「婆婆的帳單」,user1597783955431,8,605,1447,0,婆媳,,,,,,,,
1,7691587479299738887,https://www.tiktok.com/@dw4831/video/7691587479299738887,分享,dw4831,6,690,3782,0,暖心,,,,,,,,
1,7691876917473217812,https://www.tiktok.com/@merlepaul82/video/7691876917473217812,《取款不易》,merlepaul82,2,694,24700,0,公公,,,,,,,,
1,7691232207226162440,https://www.tiktok.com/@dw4831/video/7691232207226162440,分享,dw4831,6,739,21000,0,暖心,,,,,,,,
1,7692050409912814868,https://www.tiktok.com/@lee666444/video/7692050409912814868,AI短剧,lee666444,2,850,312,0,爺爺奶奶,,,,,,,,
1,7679772849808231701,https://www.tiktok.com/@happy_share_/video/7679772849808231701,儿媳怀孕后，第一件事竟然不是报喜，而是把婆婆赶去相亲,happy_share_,1,1058,63400,0,婆媳,,,,,,,,
1,7626338711709519125,https://www.tiktok.com/@keai7560gfa/video/7626338711709519125,福鑫偽裝,keai7560gfa,1,2155,17500,0,親情,,,,,,,,
1,7666089200483060999,https://www.tiktok.com/@tiantiandramas/video/7666089200483060999,【Part 1】从富家千金变回农家女,tiantiandramas,3,3006,7890,0,暖心,,,,,,,,
1,7682802948635725074,https://www.tiktok.com/@lijiejuchang/video/7682802948635725074,清醒后不再隱忍婆家,lijiejuchang,1,3078,1483,0,婆媳,,,,,,,,
2,7686814572950490386,https://www.tiktok.com/@thinnh.787830/video/7686814572950490386,,thinnh.787830,1,182,2137,0,暖心,,,,,,,,
2,7677539097996528917,https://www.tiktok.com/@patsyrui3698/video/7677539097996528917,,patsyrui3698,1,182,2265,0,暖心,,,,,,,,
2,7693205192363330823,https://www.tiktok.com/@pikml4/video/7693205192363330823,,pikml4,1,198,384,0,AI微短劇,,,,,,,,
2,7691571832591240455,https://www.tiktok.com/@morgen.duarte41/video/7691571832591240455,,morgen.duarte41,1,198,19800,0,暖心,,,,,,,,
2,7692546652518812935,https://www.tiktok.com/@angssa888/video/7692546652518812935,,angssa888,1,199,32400,0,暖心,,,,,,,,
2,7688183759606238471,https://www.tiktok.com/@ktyfntyhdxvh/video/7688183759606238471,,ktyfntyhdxvh,3,202,15200,0,暖心,,,,,,,,
2,7693142627104984352,https://www.tiktok.com/@ccaeoi/video/7693142627104984352,,ccaeoi,1,202,1381,0,親情,,,,,,,,
2,7682779520029494559,https://www.tiktok.com/@gfdn65gf/video/7682779520029494559,,gfdn65gf,1,204,290100,0,AI微短劇,,,,,,,,
2,7674866824852393237,https://www.tiktok.com/@uivkaaxmu4/video/7674866824852393237,,uivkaaxmu4,1,205,8050,0,婆媳,,,,,,,,
2,7672172318059236638,https://www.tiktok.com/@funny.videos8446/video/7672172318059236638,,funny.videos8446,1,221,84800,0,爺爺奶奶,,,,,,,,
2,7687181550105922837,https://www.tiktok.com/@allisonmeyermjtdkv/video/7687181550105922837,,allisonmeyermjtdkv,1,224,2633,0,公公,,,,,,,,
2,7692303475732008244,https://www.tiktok.com/@phrecnwk34orsf/video/7692303475732008244,,phrecnwk34orsf,5,238,164700,0,AI微短劇,,,,,,,,
2,7692351453939223829,https://www.tiktok.com/@oraliagun/video/7692351453939223829,,oraliagun,1,241,455,0,婆媳,,,,,,,,
2,7692839246222118150,https://www.tiktok.com/@zephzhe777502/video/7692839246222118150,,zephzhe777502,3,241,348,0,孝順,,,,,,,,
2,7692632010048703762,https://www.tiktok.com/@marytemple559073/video/7692632010048703762,,marytemple559073,1,248,33600,0,老人,,,,,,,,
2,7667393190751784213,https://www.tiktok.com/@ucveivchxvglinc/video/7667393190751784213,,ucveivchxvglinc,1,259,1603,0,復仇,,,,,,,,
2,7677809233227779348,https://www.tiktok.com/@user3803550795302/video/7677809233227779348,,user3803550795302,1,263,78900,0,爺爺奶奶,,,,,,,,
2,7684113055730470165,https://www.tiktok.com/@user6962682474327/video/7684113055730470165,,user6962682474327,2,265,18000,0,婆媳,,,,,,,,
2,7688666845162851606,https://www.tiktok.com/@jdbjswl/video/7688666845162851606,,jdbjswl,1,267,308400,0,親情,,,,,,,,
2,7685656907930946837,https://www.tiktok.com/@nacwapzvnju/video/7685656907930946837,,nacwapzvnju,1,268,8272,0,爺爺奶奶,,,,,,,,
2,7677858277090135327,https://www.tiktok.com/@mgjfpu/video/7677858277090135327,,mgjfpu,1,271,2500000,0,老人,,,,,,,,
2,7688980663558507784,https://www.tiktok.com/@mkshuxkelmt/video/7688980663558507784,,mkshuxkelmt,1,271,12700,0,老人,,,,,,,,
2,7667408879143111954,https://www.tiktok.com/@one.try.show/video/7667408879143111954,,one.try.show,1,274,15600,0,親情,,,,,,,,
2,7675360473444814101,https://www.tiktok.com/@rose_xxxy08/video/7675360473444814101,,rose_xxxy08,1,278,7538,0,暖心,,,,,,,,
2,7662587485339274514,https://www.tiktok.com/@hoopignitor99/video/7662587485339274514,,hoopignitor99,2,281,2113,0,婆媳,,,,,,,,
2,7673718612783369490,https://www.tiktok.com/@juliexin37467/video/7673718612783369490,,juliexin37467,1,283,183800,0,老人,,,,,,,,
2,7693402259215994133,https://www.tiktok.com/@zephzhe777502/video/7693402259215994133,,zephzhe777502,3,284,682,0,孝順,,,,,,,,
2,7674192787163696392,https://www.tiktok.com/@q_naz_naz_/video/7674192787163696392,,q_naz_naz_,1,287,7148,0,爺爺奶奶,,,,,,,,
2,7692255976686243080,https://www.tiktok.com/@ktyfntyhdxvh/video/7692255976686243080,,ktyfntyhdxvh,3,287,512000,0,親情,,,,,,,,
2,7693113417543994631,https://www.tiktok.com/@winni.pace78/video/7693113417543994631,,winni.pace78,1,289,80400,0,暖心,,,,,,,,
2,7676012724521913621,https://www.tiktok.com/@mercedeshoo817/video/7676012724521913621,,mercedeshoo817,3,294,188400,0,日常,,,,,,,,
2,7678230750251994375,https://www.tiktok.com/@rose.lay6221/video/7678230750251994375,,rose.lay6221,1,295,4915,0,爺爺奶奶,,,,,,,,
2,7690026620828060946,https://www.tiktok.com/@ktyfntyhdxvh/video/7690026620828060946,,ktyfntyhdxvh,3,297,820300,0,溫馨,,,,,,,,
2,7693407203725774081,https://www.tiktok.com/@hahip_315266/video/7693407203725774081,,hahip_315266,1,299,222,0,孝順,,,,,,,,
2,7688919539089755444,https://www.tiktok.com/@phrecnwk34orsf/video/7688919539089755444,,phrecnwk34orsf,5,300,718600,0,親情,,,,,,,,
2,7692997390801865991,https://www.tiktok.com/@anhhunh_586122/video/7692997390801865991,,anhhunh_586122,1,300,4323,0,日常,,,,,,,,
2,7650335030308719892,https://www.tiktok.com/@bagcup8/video/7650335030308719892,,bagcup8,1,308,51200,0,爺爺奶奶,,,,,,,,
2,7690843672866376980,https://www.tiktok.com/@salhon56989757/video/7690843672866376980,,salhon56989757,1,310,327,0,爺爺奶奶,,,,,,,,
2,7677767297108380949,https://www.tiktok.com/@acevedoserramo5190/video/7677767297108380949,,acevedoserramo5190,1,312,50100,0,親情,,,,,,,,
2,7681131922008886536,https://www.tiktok.com/@user8561612418683/video/7681131922008886536,,user8561612418683,1,327,77900,0,老人,,,,,,,,
2,7684058744648502549,https://www.tiktok.com/@mic.tan4/video/7684058744648502549,,mic.tan4,1,331,1832,0,日常,,,,,,,,
2,7689938618806291713,https://www.tiktok.com/@user3412980095446/video/7689938618806291713,,user3412980095446,1,333,9765,0,公公,,,,,,,,
2,7674554635998350605,https://www.tiktok.com/@sajmbh/video/7674554635998350605,,sajmbh,1,339,188700,0,公公,,,,,,,,
2,7681114408004635924,https://www.tiktok.com/@santinoti11/video/7681114408004635924,,santinoti11,2,340,924,0,爺爺奶奶,,,,,,,,
2,7690844550511807765,https://www.tiktok.com/@perrylao37624/video/7690844550511807765,,perrylao37624,1,342,8282,0,孝順,,,,,,,,
2,7693159290609077525,https://www.tiktok.com/@user8843602487442/video/7693159290609077525,,user8843602487442,2,343,157500,0,暖心,,,,,,,,
2,7683746889287634183,https://www.tiktok.com/@user8391499096527/video/7683746889287634183,,user8391499096527,1,344,46900,0,婆媳,,,,,,,,
2,7691834414862535944,https://www.tiktok.com/@kkll0913x25/video/7691834414862535944,,kkll0913x25,1,347,3697,0,婆媳,,,,,,,,
2,7682585547793042709,https://www.tiktok.com/@mercedeshoo817/video/7682585547793042709,,mercedeshoo817,3,356,74300,0,老人,,,,,,,,
2,7693113912509631776,https://www.tiktok.com/@digeixk/video/7693113912509631776,,digeixk,1,358,1366,0,AI微短劇,,,,,,,,
2,7689220810862546197,https://www.tiktok.com/@trinitypon92/video/7689220810862546197,,trinitypon92,1,360,15400,0,溫馨,,,,,,,,
2,7673747773031795988,https://www.tiktok.com/@clintonyum/video/7673747773031795988,,clintonyum,1,362,163400,0,AI微短劇,,,,,,,,
2,7669046937622039825,https://www.tiktok.com/@roseshum0413/video/7669046937622039825,,roseshum0413,1,368,36600,0,溫馨,,,,,,,,
2,7689686538451553568,https://www.tiktok.com/@.11e09/video/7689686538451553568,,.11e09,1,371,2041,0,暖心,,,,,,,,
2,7691229635924823297,https://www.tiktok.com/@user3903675839744/video/7691229635924823297,,user3903675839744,1,376,453400,0,親情,,,,,,,,
2,7670947009444072722,https://www.tiktok.com/@e9ohx4/video/7670947009444072722,,e9ohx4,1,378,9389,0,AI微短劇,,,,,,,,
2,7685278686773349639,https://www.tiktok.com/@drakeci073868/video/7685278686773349639,,drakeci073868,1,381,105500,0,爺爺奶奶,,,,,,,,
2,7628293954118634772,https://www.tiktok.com/@weecheebeng7/video/7628293954118634772,,weecheebeng7,1,382,531600,0,婆媳,,,,,,,,
2,7692870771965791489,https://www.tiktok.com/@user6014175113952/video/7692870771965791489,,user6014175113952,2,382,28400,0,暖心,,,,,,,,
2,7690930594921876757,https://www.tiktok.com/@user2077957758792/video/7690930594921876757,,user2077957758792,1,394,16900,0,婆媳,,,,,,,,
2,7675754584270245141,https://www.tiktok.com/@rowanhou7/video/7675754584270245141,,rowanhou7,1,394,49500,0,爺爺奶奶,,,,,,,,
2,7675755561966718226,https://www.tiktok.com/@tesshsiun906/video/7675755561966718226,,tesshsiun906,1,394,1059,0,老人,,,,,,,,
2,7689840831452253448,https://www.tiktok.com/@jdjd.fjds/video/7689840831452253448,,jdjd.fjds,1,396,35400,0,日常,,,,,,,,
2,7691615264600853781,https://www.tiktok.com/@aj9xqanyk5/video/7691615264600853781,,aj9xqanyk5,1,399,1648,0,老人,,,,,,,,
2,7693085305481612564,https://www.tiktok.com/@nu.nh.bit.trc/video/7693085305481612564,,nu.nh.bit.trc,1,400,821,0,公公,,,,,,,,
2,7692236400845917446,https://www.tiktok.com/@joeytu6915578/video/7692236400845917446,,joeytu6915578,1,406,1077,0,公公,,,,,,,,
2,7692708513205800244,https://www.tiktok.com/@seangel4/video/7692708513205800244,,seangel4,1,411,33800,0,公公,,,,,,,,
2,7678899866248039698,https://www.tiktok.com/@tfhbaryeefnt0hq/video/7678899866248039698,,tfhbaryeefnt0hq,4,413,1895,0,親情,,,,,,,,
2,7687787433735294229,https://www.tiktok.com/@qzhvgm8/video/7687787433735294229,,qzhvgm8,1,413,2654,0,爺爺奶奶,,,,,,,,
2,7691292504527883538,https://www.tiktok.com/@allisonkendall77691/video/7691292504527883538,,allisonkendall77691,1,434,54700,0,爺爺奶奶,,,,,,,,
2,7679639950354173191,https://www.tiktok.com/@ellageng05194/video/7679639950354173191,,ellageng05194,1,439,61600,0,暖心,,,,,,,,
2,7689407827869322504,https://www.tiktok.com/@c.mmrecap/video/7689407827869322504,,c.mmrecap,1,441,3800000,0,婆媳,,,,,,,,
2,7687808335797603602,https://www.tiktok.com/@tfzuny5/video/7687808335797603602,,tfzuny5,1,446,671,0,孝順,,,,,,,,
2,7689106417852157202,https://www.tiktok.com/@beomeoyeugau/video/7689106417852157202,,beomeoyeugau,1,448,287200,0,親情,,,,,,,,
2,7690564402780638494,https://www.tiktok.com/@bvcch166/video/7690564402780638494,,bvcch166,1,450,1596,0,爺爺奶奶,,,,,,,,
2,7688328408677354770,https://www.tiktok.com/@emiliafu822/video/7688328408677354770,,emiliafu822,1,453,7265,0,孝順,,,,,,,,
2,7680540018242276629,https://www.tiktok.com/@noemiker536116/video/7680540018242276629,,noemiker536116,3,454,17800,0,爺爺奶奶,,,,,,,,
2,7691198327802662165,https://www.tiktok.com/@user3547229492871/video/7691198327802662165,,user3547229492871,1,455,2658,0,爺爺奶奶,,,,,,,,
2,7671218308305259797,https://www.tiktok.com/@clintonhuai019/video/7671218308305259797,,clintonhuai019,2,455,605500,0,溫馨,,,,,,,,
2,7691909380165389620,https://www.tiktok.com/@louisjin094454/video/7691909380165389620,,louisjin094454,1,455,740,0,爺爺奶奶,,,,,,,,
2,7692044414524411143,https://www.tiktok.com/@carringtondurisseau2331/video/7692044414524411143,,carringtondurisseau2331,1,459,236,0,親情,,,,,,,,
2,7683039630031097095,https://www.tiktok.com/@chadlien00875/video/7683039630031097095,,chadlien00875,1,459,50300,0,爺爺奶奶,,,,,,,,
2,7671784144497560853,https://www.tiktok.com/@dunahoerougeot605/video/7671784144497560853,,dunahoerougeot605,1,459,4377,0,爺爺奶奶,,,,,,,,
2,7693195355571211526,https://www.tiktok.com/@belindanv6/video/7693195355571211526,,belindanv6,1,461,454,0,親情,,,,,,,,
2,7691122896504212754,https://www.tiktok.com/@allennao1454/video/7691122896504212754,,allennao1454,1,468,7820,0,暖心,,,,,,,,
2,7680020655311490325,https://www.tiktok.com/@tfhbaryeefnt0hq/video/7680020655311490325,,tfhbaryeefnt0hq,4,472,2847,0,暖心,,,,,,,,
2,7693021806424247553,https://www.tiktok.com/@tytyreview69/video/7693021806424247553,,tytyreview69,1,480,17200,0,親情,,,,,,,,
2,7673427256349314324,https://www.tiktok.com/@clintonhuai019/video/7673427256349314324,,clintonhuai019,2,482,9784,0,孝順,,,,,,,,
2,7681523847400934676,https://www.tiktok.com/@svenxun60421/video/7681523847400934676,,svenxun60421,1,482,109100,0,爺爺奶奶,,,,,,,,
2,7691967154492624149,https://www.tiktok.com/@leayong68896/video/7691967154492624149,,leayong68896,1,490,313000,0,暖心,,,,,,,,
2,7691243617960070430,https://www.tiktok.com/@qlkemariokymeir9/video/7691243617960070430,,qlkemariokymeir9,1,490,8582,0,公公,,,,,,,,
2,7678888383862639893,https://www.tiktok.com/@j62go8/video/7678888383862639893,,j62go8,1,493,409800,0,日常,,,,,,,,
2,7692801076701023509,https://www.tiktok.com/@zqccg5/video/7692801076701023509,,zqccg5,1,493,2692,0,爺爺奶奶,,,,,,,,
2,7677245996853742856,https://www.tiktok.com/@marquesnip/video/7677245996853742856,,marquesnip,1,494,12200,0,公公,,,,,,,,
2,7681862176726043925,https://www.tiktok.com/@carriekao75659/video/7681862176726043925,,carriekao75659,1,495,1483,0,日常,,,,,,,,
2,7691831325396978962,https://www.tiktok.com/@dw4831/video/7691831325396978962,,dw4831,6,499,16600,0,親情,,,,,,,,
2,7690136014181944597,https://www.tiktok.com/@zkrarof5t7/video/7690136014181944597,,zkrarof5t7,1,503,1115,0,暖心,,,,,,,,
2,7687954374894603540,https://www.tiktok.com/@s4uidg1/video/7687954374894603540,,s4uidg1,1,504,143700,0,孝順,,,,,,,,
2,7675296395397467400,https://www.tiktok.com/@darylngan9/video/7675296395397467400,,darylngan9,1,511,1828,0,婆媳,,,,,,,,
2,7693201203282349320,https://www.tiktok.com/@fb6lg3/video/7693201203282349320,,fb6lg3,1,512,2497,0,爺爺奶奶,,,,,,,,
2,7681579608956882196,https://www.tiktok.com/@santinoti11/video/7681579608956882196,,santinoti11,2,513,91000,0,公公,,,,,,,,
2,7693134540977589525,https://www.tiktok.com/@phrecnwk34orsf/video/7693134540977589525,,phrecnwk34orsf,5,517,607,0,親情,,,,,,,,
2,7673335248360312071,https://www.tiktok.com/@tfhbaryeefnt0hq/video/7673335248360312071,,tfhbaryeefnt0hq,4,519,135200,0,日常,,,,,,,,
2,7692633651372133640,https://www.tiktok.com/@noy.noy4913/video/7692633651372133640,,noy.noy4913,1,519,77000,0,親情,,,,,,,,
2,7693007949240782098,https://www.tiktok.com/@hotgndh4x3/video/7693007949240782098,,hotgndh4x3,1,525,20400,0,AI微短劇,,,,,,,,
2,7677427610741116176,https://www.tiktok.com/@mercedeshoo817/video/7677427610741116176,,mercedeshoo817,3,527,797400,0,婆媳,,,,,,,,
2,7689493192487488775,https://www.tiktok.com/@richahuc0ti/video/7689493192487488775,,richahuc0ti,1,528,114000,0,孝順,,,,,,,,
2,7689235691204578566,https://www.tiktok.com/@user1524983630679/video/7689235691204578566,,user1524983630679,1,529,114700,0,AI微短劇,,,,,,,,
2,7681931687399296276,https://www.tiktok.com/@rx92100/video/7681931687399296276,,rx92100,1,532,1890,0,爺爺奶奶,,,,,,,,
2,7692769700899556628,https://www.tiktok.com/@eurpvr7mc3/video/7692769700899556628,,eurpvr7mc3,1,533,58700,0,日常,,,,,,,,
2,7693445328170716423,https://www.tiktok.com/@thu.thy7852/video/7693445328170716423,,thu.thy7852,1,533,35,0,爺爺奶奶,,,,,,,,
2,7690081720904781064,https://www.tiktok.com/@robiniabuckley3/video/7690081720904781064,,robiniabuckley3,1,536,144700,0,婆媳,,,,,,,,
2,7693166876402126087,https://www.tiktok.com/@user6014175113952/video/7693166876402126087,,user6014175113952,2,538,30000,0,暖心,,,,,,,,
2,7692962190336331028,https://www.tiktok.com/@ird2024/video/7692962190336331028,,ird2024,2,539,10100,0,親情,,,,,,,,
2,7684266638610369812,https://www.tiktok.com/@geraldtoo527/video/7684266638610369812,,geraldtoo527,1,540,205100,0,爺爺奶奶,,,,,,,,
2,7687554516778061076,https://www.tiktok.com/@bxprmv0/video/7687554516778061076,,bxprmv0,1,540,24400,0,爺爺奶奶,,,,,,,,
2,7693019608172776725,https://www.tiktok.com/@dexternuan/video/7693019608172776725,,dexternuan,1,546,2234,0,親情,,,,,,,,
2,7690465277586328839,https://www.tiktok.com/@ramonzhun/video/7690465277586328839,,ramonzhun,2,549,4381,0,老人,,,,,,,,
2,7690484873173208326,https://www.tiktok.com/@nuetzmanneiffer792/video/7690484873173208326,,nuetzmanneiffer792,1,551,233,0,老人,,,,,,,,
2,7684855205137059079,https://www.tiktok.com/@dw4831/video/7684855205137059079,,dw4831,6,552,6731,0,婆媳,,,,,,,,
2,7686839020898356497,https://www.tiktok.com/@tristanzai1598/video/7686839020898356497,,tristanzai1598,2,554,30000,0,老人,,,,,,,,
2,7684697760859294994,https://www.tiktok.com/@xpbfcyull28/video/7684697760859294994,,xpbfcyull28,1,557,4723,0,親情,,,,,,,,
2,7692858364312767765,https://www.tiktok.com/@user1480311615568/video/7692858364312767765,,user1480311615568,1,559,29500,0,暖心,,,,,,,,
2,7690564057341971725,https://www.tiktok.com/@hfc896/video/7690564057341971725,,hfc896,1,561,12100,0,婆媳,,,,,,,,
2,7693148881558768914,https://www.tiktok.com/@tin.linh374/video/7693148881558768914,,tin.linh374,1,561,167000,0,AI微短劇,,,,,,,,
2,7684270086382816533,https://www.tiktok.com/@ww56369/video/7684270086382816533,,ww56369,1,563,18600,0,孝順,,,,,,,,
2,7691414943702240519,https://www.tiktok.com/@olafchen64/video/7691414943702240519,,olafchen64,1,563,4331,0,日常,,,,,,,,
2,7668864645448420629,https://www.tiktok.com/@jerryge556407/video/7668864645448420629,,jerryge556407,1,566,8582,0,婆媳,,,,,,,,
2,7687179407080951060,https://www.tiktok.com/@wallytong35718/video/7687179407080951060,,wallytong35718,1,569,46600,0,親情,,,,,,,,
2,7692843123025726738,https://www.tiktok.com/@douglaswu6/video/7692843123025726738,,douglaswu6,2,569,1382,0,溫馨,,,,,,,,
2,7692403504383593735,https://www.tiktok.com/@bv4a67/video/7692403504383593735,,bv4a67,1,571,1318,0,日常,,,,,,,,
2,7692978176640716052,https://www.tiktok.com/@deanmok940265/video/7692978176640716052,,deanmok940265,1,574,3329,0,AI微短劇,,,,,,,,
2,7687231468401069320,https://www.tiktok.com/@calliegu0133/video/7687231468401069320,,calliegu0133,1,576,234000,0,AI微短劇,,,,,,,,
2,7692390595045707016,https://www.tiktok.com/@user5540013097706/video/7692390595045707016,,user5540013097706,1,583,1004,0,婆媳,,,,,,,,
2,7692098579908889874,https://www.tiktok.com/@douglaswu6/video/7692098579908889874,,douglaswu6,2,583,434000,0,暖心,,,,,,,,
2,7680353094735006984,https://www.tiktok.com/@oct5g0/video/7680353094735006984,,oct5g0,1,590,231300,0,婆媳,,,,,,,,
2,7693137153303285013,https://www.tiktok.com/@phrecnwk34orsf/video/7693137153303285013,,phrecnwk34orsf,5,597,17400,0,AI微短劇,,,,,,,,
2,7688993026462518559,https://www.tiktok.com/@iksyink/video/7688993026462518559,,iksyink,1,597,5848,0,親情,,,,,,,,
2,7678254303693262100,https://www.tiktok.com/@mauffrayhererra3708/video/7678254303693262100,,mauffrayhererra3708,1,601,1490,0,孝順,,,,,,,,
2,7677630232500686100,https://www.tiktok.com/@noemiker536116/video/7677630232500686100,,noemiker536116,3,602,2121,0,公公,,,,,,,,
2,7676791689540832520,https://www.tiktok.com/@hcjpatkt1n8/video/7676791689540832520,,hcjpatkt1n8,1,609,943,0,公公,,,,,,,,
2,7692725491307957556,https://www.tiktok.com/@zephzhe777502/video/7692725491307957556,,zephzhe777502,3,632,928,0,公公,,,,,,,,
2,7675928903357271316,https://www.tiktok.com/@tfhbaryeefnt0hq/video/7675928903357271316,,tfhbaryeefnt0hq,4,643,1320,0,暖心,,,,,,,,
2,7678480554207104274,https://www.tiktok.com/@tracimen298507/video/7678480554207104274,,tracimen298507,1,645,236,0,婆媳,,,,,,,,
2,7664436507406650645,https://www.tiktok.com/@diegotse6029/video/7664436507406650645,,diegotse6029,1,645,7481,0,爺爺奶奶,,,,,,,,
2,7680787349168557320,https://www.tiktok.com/@cr11851/video/7680787349168557320,,cr11851,1,651,4724,0,親情,,,,,,,,
2,7691136964514352402,https://www.tiktok.com/@uriahtiao31987/video/7691136964514352402,,uriahtiao31987,1,652,1294,0,暖心,,,,,,,,
2,7690881238395112711,https://www.tiktok.com/@ramonzhun/video/7690881238395112711,,ramonzhun,2,656,2118,0,孝順,,,,,,,,
2,7678055300309667080,https://www.tiktok.com/@irizarryprudence91/video/7678055300309667080,,irizarryprudence91,1,659,489700,0,AI微短劇,,,,,,,,
2,7682613134451887380,https://www.tiktok.com/@olafpee950/video/7682613134451887380,,olafpee950,1,660,6095,0,公公,,,,,,,,
2,7687530604245863700,https://www.tiktok.com/@noemiker536116/video/7687530604245863700,,noemiker536116,3,677,10300,0,親情,,,,,,,,
2,7693131609603722516,https://www.tiktok.com/@xcv23146s0e/video/7693131609603722516,,xcv23146s0e,1,677,4609,0,爺爺奶奶,,,,,,,,
2,7692814877139668231,https://www.tiktok.com/@user5980884617043/video/7692814877139668231,,user5980884617043,1,679,96200,0,AI微短劇,,,,,,,,
2,7673197430476655892,https://www.tiktok.com/@percyyau7/video/7673197430476655892,,percyyau7,1,686,20000,0,日常,,,,,,,,
2,7692714915445951752,https://www.tiktok.com/@duls12v1/video/7692714915445951752,,duls12v1,1,712,6060,0,孝順,,,,,,,,
2,7692847363211218197,https://www.tiktok.com/@user6962682474327/video/7692847363211218197,,user6962682474327,2,717,162800,0,老人,,,,,,,,
2,7693003827280104705,https://www.tiktok.com/@jonahyen94/video/7693003827280104705,,jonahyen94,1,719,21000,0,日常,,,,,,,,
2,7682707610054724871,https://www.tiktok.com/@dw4831/video/7682707610054724871,,dw4831,6,723,11300,0,婆媳,,,,,,,,
2,7688328505653873927,https://www.tiktok.com/@pingpqtvpb6/video/7688328505653873927,,pingpqtvpb6,1,725,3756,0,爺爺奶奶,,,,,,,,
2,7687882962603379989,https://www.tiktok.com/@bbyy26149oh/video/7687882962603379989,,bbyy26149oh,1,725,1703,0,爺爺奶奶,,,,,,,,
2,7692962039236496646,https://www.tiktok.com/@ird2024/video/7692962039236496646,,ird2024,2,739,136800,0,親情,,,,,,,,
2,7681114655137271061,https://www.tiktok.com/@user3838067073703/video/7681114655137271061,,user3838067073703,1,756,49200,0,爺爺奶奶,,,,,,,,
2,7693045905066347828,https://www.tiktok.com/@user8843602487442/video/7693045905066347828,,user8843602487442,2,759,40400,0,親情,,,,,,,,
2,7693176901786995969,https://www.tiktok.com/@user7145367382219/video/7693176901786995969,,user7145367382219,1,760,909,0,公公,,,,,,,,
2,7668175882883927317,https://www.tiktok.com/@r9wx1utpf5/video/7668175882883927317,,r9wx1utpf5,1,768,1767,0,婆媳,,,,,,,,
2,7689638590086745352,https://www.tiktok.com/@carmenwen177/video/7689638590086745352,,carmenwen177,1,793,1377,0,溫馨,,,,,,,,
2,7692458996137069845,https://www.tiktok.com/@kaylakai14/video/7692458996137069845,,kaylakai14,1,797,624,0,日常,,,,,,,,
2,7692654868070157586,https://www.tiktok.com/@janicechuang52/video/7692654868070157586,,janicechuang52,1,855,62700,0,婆媳,,,,,,,,
2,7678950389923712277,https://www.tiktok.com/@ofeliakei38953/video/7678950389923712277,,ofeliakei38953,1,887,5347,0,暖心,,,,,,,,
2,7678244155583139085,https://www.tiktok.com/@mml59128/video/7678244155583139085,,mml59128,1,898,322,0,婆媳,,,,,,,,
3,7667860959209295122,https://www.tiktok.com/@emma_9453/video/7667860959209295122,極寒末日-第二十四集,emma_9453,1,184,408,0,日常,非第一集,,,,,,,
3,7647029200859319573,https://www.tiktok.com/@maemae_qt1/video/7647029200859319573,第2集:《我在荒年一肩挑四房》,maemae_qt1,1,200,4640,0,溫馨,非第一集,,,,,,,
3,7687960515406089492,https://www.tiktok.com/@wiwi191ja/video/7687960515406089492,顧總挑食第20～25集,wiwi191ja,1,269,191,0,孝順,非第一集,,,,,,,
3,7639165600442371348,https://www.tiktok.com/@yezi0008/video/7639165600442371348,第7-12集《被前任算计》,yezi0008,3,276,4693,1,溫馨,非第一集,,,,,,,
3,7690139067295534358,https://www.tiktok.com/@pamelinapineda82/video/7690139067295534358,AI原创短剧《畜灵事务处》第九集,pamelinapineda82,1,316,167,0,公公,非第一集,,,,,,,
3,7667596709853154581,https://www.tiktok.com/@flashplotx/video/7667596709853154581,热门短剧推荐,flashplotx,1,323,59500,0,孝順,疑似搬運平台劇,,,,,,,
3,7685055170501233938,https://www.tiktok.com/@lxf6iet748/video/7685055170501233938,已经N刷的短剧,lxf6iet748,2,376,43500,0,暖心,疑似搬運平台劇,,,,,,,
3,7639165503595924757,https://www.tiktok.com/@yezi0008/video/7639165503595924757,第1-6集《五年付出换来一场算计》,yezi0008,3,379,5278,1,日常,合集,,,,,,,
3,7691244751844052245,https://www.tiktok.com/@ww157453ha5/video/7691244751844052245,,ww157453ha5,1,385,1626,0,暖心,疑似搬運平台劇,,,,,,,
3,7688535620435758357,https://www.tiktok.com/@nszldzd12/video/7688535620435758357,自明團聚,nszldzd12,4,412,96900,0,親情,疑似搬運平台劇,,,,,,,
3,7629717496144104706,https://www.tiktok.com/@ghk56786/video/7629717496144104706,,ghk56786,1,436,409500,0,日常,疑似搬運平台劇,,,,,,,
3,7684992814039567637,https://www.tiktok.com/@phrecnwk34orsf/video/7684992814039567637,辰白才是,phrecnwk34orsf,5,448,226600,0,爺爺奶奶,疑似搬運平台劇,,,,,,,
3,7692731089487498516,https://www.tiktok.com/@qqzhang1743/video/7692731089487498516,紅果短劇《古怪玩偶》,qqzhang1743,4,453,349,0,AI微短劇,疑似搬運平台劇,,,,,,,
3,7688370174805789970,https://www.tiktok.com/@dw4831/video/7688370174805789970,續集,dw4831,6,460,22400,0,老人,非第一集,,,,,,,
3,7677122550136048916,https://www.tiktok.com/@wesledigh1q/video/7677122550136048916,重生之征服郭伯母,wesledigh1q,1,466,622,0,婆媳,多個帳號重複上傳,,,,,,,
3,7682714411680828692,https://www.tiktok.com/@enjyvopon65nim/video/7682714411680828692,枯白試探,enjyvopon65nim,2,479,4523,0,親情,疑似搬運平台劇,,,,,,,
3,7667565796796730645,https://www.tiktok.com/@lxf6iet748/video/7667565796796730645,热门短剧推荐,lxf6iet748,2,484,6777,0,爺爺奶奶,疑似搬運平台劇,,,,,,,
3,7687936048130788629,https://www.tiktok.com/@enjyvopon65nim/video/7687936048130788629,,enjyvopon65nim,2,491,1300000,0,AI微短劇,疑似搬運平台劇,,,,,,,
3,7691290721760070920,https://www.tiktok.com/@mediaforu168/video/7691290721760070920,[Kuaishou-13],mediaforu168,1,500,35700,0,孝順,疑似搬運平台劇,,,,,,,
3,7655602821915479314,https://www.tiktok.com/@ann033690/video/7655602821915479314,,ann033690,1,500,95700,1,爺爺奶奶,疑似搬運平台劇,,,,,,,
3,7678374051408203029,https://www.tiktok.com/@qqzhang1743/video/7678374051408203029,紅果短劇《成真假意》,qqzhang1743,4,525,93000,0,日常,疑似搬運平台劇,,,,,,,
3,7690416761753177351,https://www.tiktok.com/@jhgjypvas90/video/7690416761753177351,辰竹找媳,jhgjypvas90,2,539,48200,0,婆媳,疑似搬運平台劇,,,,,,,
3,7683845724508949781,https://www.tiktok.com/@jhgjypvas90/video/7683845724508949781,辰白親情,jhgjypvas90,2,552,20900,0,親情,疑似搬運平台劇,,,,,,,
3,7678690190977781012,https://www.tiktok.com/@dramaticbytes0/video/7678690190977781012,热门短剧推荐,dramaticbytes0,1,564,31600,0,AI微短劇,疑似搬運平台劇,,,,,,,
3,7693122480587820308,https://www.tiktok.com/@qqzhang1743/video/7693122480587820308,紅果短劇《我卡你牛》,qqzhang1743,4,571,587,0,暖心,疑似搬運平台劇,,,,,,,
3,7686253790487629077,https://www.tiktok.com/@onepieceanime868/video/7686253790487629077,贺知舟第二集,onepieceanime868,1,593,1033,0,孝順,非第一集,,,,,,,
3,7678718839944695060,https://www.tiktok.com/@deliahuen64/video/7678718839944695060,短剧《重生之征服郭伯母》全集整合,deliahuen64,1,613,2944,0,AI微短劇,疑似搬運平台劇；合集,,,,,,,
3,7682069011143658772,https://www.tiktok.com/@qqzhang1743/video/7682069011143658772,紅果短劇《暖到爹心》,qqzhang1743,4,615,2092,0,暖心,疑似搬運平台劇,,,,,,,
3,7684070076462533908,https://www.tiktok.com/@fdfxltgkjl5be7/video/7684070076462533908,辰白親情,fdfxltgkjl5be7,1,651,22200,0,親情,疑似搬運平台劇,,,,,,,
3,7690115050698329364,https://www.tiktok.com/@nszldzd12/video/7690115050698329364,自明坑我,nszldzd12,4,651,28700,0,AI微短劇,疑似搬運平台劇,,,,,,,
3,7692312089129635092,https://www.tiktok.com/@nszldzd12/video/7692312089129635092,自明大方,nszldzd12,4,655,10100,0,公公,疑似搬運平台劇,,,,,,,
3,7692405358890929409,https://www.tiktok.com/@nszldzd12/video/7692405358890929409,石海打臉,nszldzd12,4,696,3406,0,復仇,疑似搬運平台劇,,,,,,,
3,7688860322064567574,https://www.tiktok.com/@kitzhong526731/video/7688860322064567574,,kitzhong526731,1,737,4560,0,日常,疑似搬運平台劇,,,,,,,
3,7661861042179378453,https://www.tiktok.com/@momoyyds666/video/7661861042179378453,《荒岛开局捡女神》1-5 合集,momoyyds666,1,800,7602,0,AI微短劇,合集,,,,,,,
3,7678989573791190285,https://www.tiktok.com/@xkksno48400/video/7678989573791190285,高分短剧《重生之征服郭伯母》,xkksno48400,1,801,200,0,老人,多個帳號重複上傳,,,,,,,
3,7678715565501893896,https://www.tiktok.com/@fletchernakai5998/video/7678715565501893896,短剧《重生之征服郭伯母》全集整合,fletchernakai5998,1,857,1209,0,婆媳,疑似搬運平台劇；合集,,,,,,,
3,7678717808678554901,https://www.tiktok.com/@helenakeung/video/7678717808678554901,短剧《重生之征服郭伯母》全集整合,helenakeung,1,1054,10000,0,AI微短劇,疑似搬運平台劇；合集,,,,,,,
3,7678642405343579413,https://www.tiktok.com/@angelgen441930/video/7678642405343579413,短剧《重生之征服郭伯母》全集整合,angelgen441930,1,1160,425,0,婆媳,疑似搬運平台劇；合集,,,,,,,
3,7671576590907755796,https://www.tiktok.com/@james.wan671/video/7671576590907755796,農女帶著家人致富第五季 第二段,james.wan671,1,1199,1295,0,復仇,非第一集,,,,,,,
3,7664147274171272465,https://www.tiktok.com/@royceaishortmovie/video/7664147274171272465,《养儿方知孝》全集,royceaishortmovie,4,1355,1996,0,老人,疑似搬運平台劇；合集,,,,,,,
3,7654196932595797268,https://www.tiktok.com/@royceaishortmovie/video/7654196932595797268,《清清涨房租》全集,royceaishortmovie,4,1567,3338,0,公公,疑似搬運平台劇；合集,,,,,,,
3,7682776872102497544,https://www.tiktok.com/@snkwz2/video/7682776872102497544,给你尊荣你不要，来世我去娶郡主AI真人版,snkwz2,4,1794,175,1,孝順,合集,,,,,,,
3,7649799369398553877,https://www.tiktok.com/@royceaishortmovie/video/7649799369398553877,《荒院》全集,royceaishortmovie,4,1873,9384,0,老人,疑似搬運平台劇；合集,,,,,,,
3,7689619611381239058,https://www.tiktok.com/@snkwz2/video/7689619611381239058,一纸婚约，总裁来我早餐店打工（48集）,snkwz2,4,1965,1301,0,暖心,合集,,,,,,,
3,7682784324588195090,https://www.tiktok.com/@snkwz2/video/7682784324588195090,给你尊荣你不要，来世我去娶郡主AI真人版,snkwz2,4,2343,127,1,孝順,合集,,,,,,,
3,7666120145785539847,https://www.tiktok.com/@tiantiandramas/video/7666120145785539847,【Part 3】从富家千金变回农家女,tiantiandramas,3,2387,3257,1,暖心,非第一集,,,,,,,
3,7634117367630433556,https://www.tiktok.com/@yezi0008/video/7634117367630433556,下集《我的白金瞳能看到古董真身》,yezi0008,3,2609,1832,1,復仇,非第一集,,,,,,,
3,7652432346871762196,https://www.tiktok.com/@royceaishortmovie/video/7652432346871762196,《鬼医下山》全集,royceaishortmovie,4,2637,68800,0,溫馨,疑似搬運平台劇；合集,,,,,,,
3,7666115983118978311,https://www.tiktok.com/@tiantiandramas/video/7666115983118978311,【Part 2】从富家千金变回农家女,tiantiandramas,3,2665,5732,0,暖心,非第一集,,,,,,,
3,7687646619906460935,https://www.tiktok.com/@snkwz2/video/7687646619906460935,重生回车祸前18天（49集）AI短剧 第001集,snkwz2,4,3000,223,1,暖心,合集,,,,,,,
